{"chunk_definitions":[{"chunk_id":"ccgsmi165ki53","chunk_label":"options-chunk","document_id":"C4D9AFF2","expansion_state":0,"options":{"engine":"r","include":false,"label":"options-chunk"},"row":42,"row_count":1,"visible":true},{"chunk_id":"ciy87pnb3u305","chunk_label":"pacotes-selecionados","document_id":"C4D9AFF2","expansion_state":0,"options":{"engine":"r","include":"F","label":"pacotes-selecionados","message":false,"warning":false},"row":69,"row_count":1,"visible":true},{"chunk_id":"c6bhs8xtuax1l","chunk_label":"unnamed-chunk-3","document_id":"C4D9AFF2","expansion_state":0,"options":{"echo":false,"engine":"r","label":"unnamed-chunk-144"},"row":75,"row_count":1,"visible":true},{"chunk_id":"corucz1bizupu","chunk_label":"read-dataset","document_id":"C4D9AFF2","expansion_state":0,"options":{"engine":"r","label":"read-modeltrain","message":false,"warning":false},"row":94,"row_count":1,"visible":true},{"chunk_id":"cix8zw0ot5rox","chunk_label":"unnamed-chunk-4","document_id":"C4D9AFF2","expansion_state":0,"options":{"echo":"False","engine":"r","label":"unnamed-chunk-145"},"row":104,"row_count":1,"visible":true},{"chunk_id":"carz1yi0olvc8","chunk_label":"unnamed-chunk-5","document_id":"C4D9AFF2","expansion_state":0,"options":{"engine":"r","label":"unnamed-chunk-146"},"row":109,"row_count":1,"visible":true},{"chunk_id":"criov554ikmx9","chunk_label":"unnamed-chunk-6","document_id":"C4D9AFF2","expansion_state":0,"options":{"engine":"r","label":"unnamed-chunk-147"},"row":115,"row_count":1,"visible":true},{"chunk_id":"cyxboulq7an2w","chunk_label":"unnamed-chunk-7","document_id":"C4D9AFF2","expansion_state":0,"options":{"engine":"r","label":"unnamed-chunk-148"},"row":129,"row_count":1,"visible":true},{"chunk_id":"ceeom2g2dh6iv","chunk_label":"unnamed-chunk-8","document_id":"C4D9AFF2","expansion_state":0,"options":{"engine":"r","label":"unnamed-chunk-149"},"row":136,"row_count":1,"visible":true},{"chunk_id":"czyv1osusof03","chunk_label":"unnamed-chunk-9","document_id":"C4D9AFF2","expansion_state":0,"options":{"engine":"r","label":"unnamed-chunk-150"},"row":155,"row_count":1,"visible":true},{"chunk_id":"c806bwb69q4w2","chunk_label":"set-vars","document_id":"C4D9AFF2","expansion_state":0,"options":{"engine":"r","label":"set-vars"},"row":164,"row_count":1,"visible":true},{"chunk_id":"c298gn0ep81es","chunk_label":"unnamed-chunk-11","document_id":"C4D9AFF2","expansion_state":0,"options":{"engine":"r","label":"unnamed-chunk-154"},"row":194,"row_count":1,"visible":true},{"chunk_id":"csn4jaz4grfl2","chunk_label":"unnamed-chunk-12","document_id":"C4D9AFF2","expansion_state":0,"options":{"engine":"r","label":"unnamed-chunk-155"},"row":200,"row_count":1,"visible":true},{"chunk_id":"czbobj535jmox","chunk_label":"unnamed-chunk-14","document_id":"C4D9AFF2","expansion_state":0,"options":{"engine":"r","label":"unnamed-chunk-158"},"row":225,"row_count":1,"visible":true},{"chunk_id":"cqem3flhc7fv5","chunk_label":"unnamed-chunk-15","document_id":"C4D9AFF2","expansion_state":0,"options":{"engine":"r","label":"unnamed-chunk-159"},"row":240,"row_count":1,"visible":true},{"chunk_id":"chyjgsnvfjslb","chunk_label":"unnamed-chunk-16","document_id":"C4D9AFF2","expansion_state":0,"options":{"engine":"r","label":"unnamed-chunk-160"},"row":246,"row_count":1,"visible":true},{"chunk_id":"cnvwh2xga1c3k","chunk_label":"unnamed-chunk-17","document_id":"C4D9AFF2","expansion_state":0,"options":{"engine":"r","label":"unnamed-chunk-161"},"row":261,"row_count":1,"visible":true},{"chunk_id":"c7jegqah303m9","chunk_label":"unnamed-chunk-18","document_id":"C4D9AFF2","expansion_state":0,"options":{"engine":"r","label":"unnamed-chunk-162"},"row":268,"row_count":1,"visible":true},{"chunk_id":"cs6xss4gp05ki","chunk_label":"unnamed-chunk-19","document_id":"C4D9AFF2","expansion_state":0,"options":{"engine":"r","label":"unnamed-chunk-163"},"row":283,"row_count":1,"visible":true},{"chunk_id":"c346o2zjpda5o","chunk_label":"unnamed-chunk-20","document_id":"C4D9AFF2","expansion_state":0,"options":{"engine":"r","label":"unnamed-chunk-164","message":false,"warning":false},"row":300,"row_count":1,"visible":true},{"chunk_id":"cicpd5d13opob","chunk_label":"unnamed-chunk-21","document_id":"C4D9AFF2","expansion_state":0,"options":{"engine":"r","label":"unnamed-chunk-165"},"row":314,"row_count":1,"visible":true},{"chunk_id":"c9i1947x284lj","chunk_label":"unnamed-chunk-22","document_id":"C4D9AFF2","expansion_state":0,"options":{"engine":"r","label":"unnamed-chunk-175"},"row":324,"row_count":1,"visible":true},{"chunk_id":"c1vsk6aco9mo2","chunk_label":"unnamed-chunk-23","document_id":"C4D9AFF2","expansion_state":0,"options":{"engine":"r","label":"unnamed-chunk-176"},"row":342,"row_count":1,"visible":true},{"chunk_id":"c8qe1qr5xfemb","chunk_label":"unnamed-chunk-24","document_id":"C4D9AFF2","expansion_state":0,"options":{"engine":"r","label":"unnamed-chunk-177"},"row":346,"row_count":1,"visible":true},{"chunk_id":"c774rhjdp0r0d","chunk_label":"unnamed-chunk-25","document_id":"C4D9AFF2","expansion_state":0,"options":{"engine":"r","fig.height":6,"fig.width":18,"label":"unnamed-chunk-178"},"row":357,"row_count":1,"visible":true},{"chunk_id":"c2oq1px7nuw2h","chunk_label":"unnamed-chunk-26","document_id":"C4D9AFF2","expansion_state":0,"options":{"engine":"r","label":"unnamed-chunk-179"},"row":371,"row_count":1,"visible":true},{"chunk_id":"csr5qr8bvs5u6","chunk_label":"unnamed-chunk-27","document_id":"C4D9AFF2","expansion_state":0,"options":{"engine":"r","fig.height":6,"fig.width":18,"label":"unnamed-chunk-180"},"row":378,"row_count":1,"visible":true},{"chunk_id":"cnf3bp76wdoxw","chunk_label":"unnamed-chunk-28","document_id":"C4D9AFF2","expansion_state":0,"options":{"engine":"r","label":"unnamed-chunk-181"},"row":388,"row_count":1,"visible":true},{"chunk_id":"cxa8fdy385llj","chunk_label":"unnamed-chunk-29","document_id":"C4D9AFF2","expansion_state":0,"options":{"engine":"r","label":"unnamed-chunk-182"},"row":405,"row_count":1,"visible":true}],"chunk_rendered_width":700,"doc_write_time":1572735944}