"0","  suppressMessages(library(MASS))"
"0","  suppressMessages(library(tidyverse))"
"0","  suppressMessages(library(data.table))"
"0","  suppressMessages(library(caret))"
"0","  suppressMessages(library(ggplot2))"
"0","#  suppressMessages(library(C50))"
"0","  suppressMessages(library(kernlab))"
"0","  suppressMessages(library(mlbench))"
"0","  suppressMessages(library(randomForest))"
"0","  suppressMessages(library(caretEnsemble))"
"0","  suppressMessages(library(klaR))"
"0","  suppressMessages(library(MLmetrics))"
"0","  suppressMessages(library(mlr))"
