"0","  suppressMessages(library(MASS))"
"0","  suppressMessages(library(tidyverse))"
"0","  suppressMessages(library(data.table))"
"0","  suppressMessages(library(caret))"
"0","  suppressMessages(library(ggplot2))"
"0","  suppressMessages(library(kernlab))"
"0","  suppressMessages(library(mlbench))"
"0","  suppressMessages(library(MLmetrics))"
"0","  suppressMessages(library(mlr))"
"0","  suppressMessages(library(ROSE))"
"0","  suppressMessages(library(e1071))"
"0","  "
"0","  suppressMessages(library(dplyr)) "
"0","  suppressMessages(library(DMwR))  "
"0","  suppressMessages(library(purrr)) "
"0","  suppressMessages(library(pROC))  "
"0","  suppressMessages(library(ROCR))"
"0","  suppressMessages(library(Epi))"
"0","  suppressMessages(library(InformationValue))"
"0","  "
"0","  suppressMessages(library(parallel))"
"0","  suppressMessages(library(doParallel))"
