{"chunk_definitions":[{"chunk_id":"cy1w5swwh47c1","chunk_label":"unnamed-chunk-1","document_id":"F07CE355","expansion_state":0,"options":{"echo":false,"engine":"css","label":"unnamed-chunk-192"},"row":27,"row_count":1,"visible":true},{"chunk_id":"ctoidijd9dhno","chunk_label":"unnamed-chunk-2","document_id":"F07CE355","expansion_state":0,"options":{"echo":false,"engine":"r","label":"unnamed-chunk-193"},"row":32,"row_count":1,"visible":true},{"chunk_id":"c4nknpi34vewt","chunk_label":"options-chunk","document_id":"F07CE355","expansion_state":0,"options":{"engine":"r","include":false,"label":"options-chunk"},"row":41,"row_count":1,"visible":true},{"chunk_id":"c9t7bboe9pzpo","chunk_label":"pacotes-selecionados","document_id":"78D3B5E5","expansion_state":0,"options":{"engine":"r","include":"F","label":"pacotes-selecionados","message":false,"warning":false},"row":52,"row_count":1,"visible":true},{"chunk_id":"c5kqb2ccifr3r","chunk_label":"read-dftrain","document_id":"78D3B5E5","expansion_state":0,"options":{"engine":"r","label":"read-dftrain"},"row":82,"row_count":1,"visible":true}],"doc_write_time":1572802481}