{"chunk_definitions":[{"chunk_id":"c2lcqqoete1pr","chunk_label":"unnamed-chunk-1","document_id":"305F798E","expansion_state":0,"options":{"echo":false,"engine":"css","label":"unnamed-chunk-2"},"row":28,"row_count":1,"visible":true},{"chunk_id":"c78gg6qzqpf3d","chunk_label":"unnamed-chunk-2","document_id":"305F798E","expansion_state":0,"options":{"echo":false,"engine":"r","label":"unnamed-chunk-3"},"row":33,"row_count":1,"visible":true},{"chunk_id":"c3h1vhqqpmlu2","chunk_label":"options-chunk","document_id":"305F798E","expansion_state":0,"options":{"engine":"r","include":false,"label":"options-chunk"},"row":43,"row_count":1,"visible":true},{"chunk_id":"c6etu73vn1ji2","chunk_label":"pacotes-selecionados","document_id":"305F798E","expansion_state":0,"options":{"engine":"r","include":"F","label":"pacotes-selecionados","message":false,"warning":false},"row":55,"row_count":1,"visible":true}],"doc_write_time":1572897374}