{"chunk_definitions":[{"chunk_id":"c2t9ioeuak3wg","chunk_label":"unnamed-chunk-1","document_id":"C8C08B1D","expansion_state":0,"options":{"echo":false,"engine":"css","label":"unnamed-chunk-1"},"row":28,"row_count":1,"visible":true},{"chunk_id":"czy3fiirxvrda","chunk_label":"unnamed-chunk-2","document_id":"C8C08B1D","expansion_state":0,"options":{"echo":false,"engine":"r","label":"unnamed-chunk-2"},"row":33,"row_count":1,"visible":true},{"chunk_id":"cdof8kh46xemk","chunk_label":"options-chunk","document_id":"C8C08B1D","expansion_state":0,"options":{"engine":"r","include":false,"label":"options-chunk"},"row":43,"row_count":1,"visible":true},{"chunk_id":"chgwt3j5n4qh5","chunk_label":"pacotes-selecionados","document_id":"C8C08B1D","expansion_state":0,"options":{"engine":"r","include":"F","label":"pacotes-selecionados","message":false,"warning":false},"row":58,"row_count":1,"visible":true},{"chunk_id":"czx0h4v47t99t","chunk_label":"unnamed-chunk-3","document_id":"C8C08B1D","expansion_state":0,"options":{"engine":"r","label":"unnamed-chunk-3"},"row":65,"row_count":1,"visible":true},{"chunk_id":"crg86utlg9a06","chunk_label":"unnamed-chunk-4","document_id":"C8C08B1D","expansion_state":0,"options":{"engine":"r","label":"unnamed-chunk-4"},"row":70,"row_count":1,"visible":true},{"chunk_id":"cyf6ttxsjqqdb","chunk_label":"unnamed-chunk-5","document_id":"C8C08B1D","expansion_state":0,"options":{},"row":75,"row_count":1,"visible":true}],"doc_write_time":1572960513}