"0","cl = start.cluster()"
"0","glm.weighted <- caret::train(Loan_Status ~ .,"
"0","                             data = train_data[,vars],"
"0","                             tuneLength = 5,"
"0","                             method = ""glm"","
"0","                             family=""binomial"","
"0","                             weights = model_weights,"
"0","                             metric = ""ROC"","
"0","                             trControl = ctrl)"
"2","non-integer #successes in a binomial glm!"
"0","stop.Cluster(cl)"
"0","saveRDS(glm.orig,'../outputs/glm.weighted.rds')"
