{"chunk_definitions":[{"chunk_id":"cm1kc6nxr53ac","chunk_label":"densidades","document_id":"6A487FC3","expansion_state":0,"options":{"engine":"r","fig.height":6,"fig.width":15,"label":"densidades","message":false,"warning":false},"row":196,"row_count":1,"visible":true},{"chunk_id":"cbro1y46g1lhh","chunk_label":"histogramas","document_id":"6A487FC3","expansion_state":0,"options":{"engine":"r","fig.height":6,"fig.width":15,"label":"histogramas","message":false,"warning":false},"row":223,"row_count":1,"visible":true},{"chunk_id":"cqz66zwjn4ei8","chunk_label":"unnamed-chunk-7","document_id":"6A487FC3","expansion_state":0,"options":{"engine":"r","fig.height":5,"fig.width":15,"label":"unnamed-chunk-235"},"row":239,"row_count":1,"visible":true},{"chunk_id":"cjq90dnn05wr0","chunk_label":"unnamed-chunk-8","document_id":"6A487FC3","expansion_state":0,"options":{"engine":"r","fig.height":4,"fig.width":15,"label":"unnamed-chunk-239"},"row":247,"row_count":1,"visible":true},{"chunk_id":"ckqwto70y1fpg","chunk_label":"r-square","document_id":"6A487FC3","expansion_state":0,"options":{"engine":"r","label":"r-square"},"row":261,"row_count":1,"visible":true},{"chunk_id":"cp11qhotyh53v","chunk_label":"dispersao","document_id":"6A487FC3","expansion_state":0,"options":{"engine":"r","fig.height":6,"fig.width":15,"label":"dispersao"},"row":304,"row_count":1,"visible":true},{"chunk_id":"c73idypqcoys9","chunk_label":"qqplot","document_id":"6A487FC3","expansion_state":0,"options":{"engine":"r","fig.height":5,"fig.width":15,"label":"qqplot"},"row":318,"row_count":1,"visible":true}],"doc_write_time":1572743742}