{"chunk_definitions":[{"chunk_id":"cy3iq4bzik0cr","chunk_label":"unnamed-chunk-1","document_id":"78D650E7","expansion_state":0,"options":{"echo":false,"engine":"css","label":"unnamed-chunk-61"},"row":28,"row_count":1,"visible":true},{"chunk_id":"cgvz48h1cidbh","chunk_label":"unnamed-chunk-2","document_id":"78D650E7","expansion_state":0,"options":{"echo":false,"engine":"r","label":"unnamed-chunk-62"},"row":33,"row_count":1,"visible":true},{"chunk_id":"cq81i69lru6bp","chunk_label":"options-chunk","document_id":"78D650E7","expansion_state":0,"options":{"engine":"r","include":false,"label":"options-chunk"},"row":45,"row_count":1,"visible":true},{"chunk_id":"ce1v8m3zmxyt4","chunk_label":"pacotes-selecionados","document_id":"78D650E7","expansion_state":0,"options":{"engine":"r","include":"F","label":"pacotes-selecionados","message":false,"warning":false},"row":70,"row_count":1,"visible":true},{"chunk_id":"c4etxkaehr2c7","chunk_label":"unnamed-chunk-3","document_id":"78D650E7","expansion_state":0,"options":{"echo":false,"engine":"r","label":"unnamed-chunk-63"},"row":75,"row_count":1,"visible":true},{"chunk_id":"cfggr9bcm5e6t","chunk_label":"read-data-test","document_id":"78D650E7","expansion_state":0,"options":{"engine":"r","label":"read-data-test"},"row":98,"row_count":1,"visible":true},{"chunk_id":"c2wxpb43222yk","chunk_label":"unnamed-chunk-4","document_id":"78D650E7","expansion_state":0,"options":{"engine":"r","label":"unnamed-chunk-64"},"row":104,"row_count":1,"visible":true},{"chunk_id":"c1c1um9itvads","chunk_label":"unnamed-chunk-5","document_id":"78D650E7","expansion_state":0,"options":{"engine":"r","label":"unnamed-chunk-65"},"row":110,"row_count":1,"visible":true},{"chunk_id":"cpcqyk83hsrqm","chunk_label":"unnamed-chunk-6","document_id":"78D650E7","expansion_state":0,"options":{"engine":"r","label":"unnamed-chunk-66"},"row":119,"row_count":1,"visible":true},{"chunk_id":"cz4smv4e4ve6v","chunk_label":"unnamed-chunk-7","document_id":"78D650E7","expansion_state":0,"options":{"engine":"r","label":"unnamed-chunk-67"},"row":127,"row_count":1,"visible":true},{"chunk_id":"cda3f9sm21ie3","chunk_label":"remove-rows-duplicate","document_id":"78D650E7","expansion_state":0,"options":{"engine":"r","label":"remove-rows-duplicate"},"row":141,"row_count":1,"visible":true},{"chunk_id":"cc8u4rahnds7e","chunk_label":"unnamed-chunk-8","document_id":"78D650E7","expansion_state":0,"options":{"engine":"r","fig.height":5,"fig.width":18,"label":"unnamed-chunk-68"},"row":165,"row_count":1,"visible":true},{"chunk_id":"c4vcsisg69ezd","chunk_label":"distr-target","document_id":"78D650E7","expansion_state":0,"options":{"engine":"r","fig.height":6,"fig.width":18,"label":"distr-target"},"row":187,"row_count":1,"visible":true},{"chunk_id":"cft6uon0knhva","chunk_label":"type-str","document_id":"78D650E7","expansion_state":0,"options":{"engine":"r","label":"type-str"},"row":198,"row_count":1,"visible":true},{"chunk_id":"cwg5vye5d4h1s","chunk_label":"resumo-dos-dados","document_id":"78D650E7","expansion_state":0,"options":{"engine":"r","label":"resumo-dos-dados"},"row":204,"row_count":1,"visible":true},{"chunk_id":"cx9xu12cxlxdi","chunk_label":"unnamed-chunk-9","document_id":"78D650E7","expansion_state":0,"options":{"engine":"r","label":"unnamed-chunk-69"},"row":231,"row_count":1,"visible":true},{"chunk_id":"c9fqvqax63bk8","chunk_label":"convert-int-to-categorical","document_id":"78D650E7","expansion_state":0,"options":{"engine":"r","label":"convert-int-to-categorical"},"row":237,"row_count":1,"visible":true},{"chunk_id":"c23fxakzljy1s","chunk_label":"unnamed-chunk-10","document_id":"78D650E7","expansion_state":0,"options":{"engine":"r","label":"unnamed-chunk-70"},"row":243,"row_count":1,"visible":true},{"chunk_id":"c0gcgur1mmcbk","chunk_label":"var-missing-credit-history-Loan_Status","document_id":"78D650E7","expansion_state":0,"options":{"engine":"r","label":"var-missing-credit-history-Loan_Status"},"row":255,"row_count":1,"visible":true},{"chunk_id":"couho7oaeixqk","chunk_label":"summary-LoanAmount-by-missing-credit-history","document_id":"78D650E7","expansion_state":0,"options":{"engine":"r","label":"summary-LoanAmount-by-missing-credit-history"},"row":266,"row_count":1,"visible":true},{"chunk_id":"cpl7dfq4rpzg7","chunk_label":"var-missing-loan-amount-term-Loan_Status","document_id":"78D650E7","expansion_state":0,"options":{"engine":"r","label":"var-missing-loan-amount-term-Loan_Status"},"row":279,"row_count":1,"visible":true},{"chunk_id":"czocktm80xtod","chunk_label":"summary-LoanAmount-by-missing-loan-amount-term","document_id":"78D650E7","expansion_state":0,"options":{"engine":"r","label":"summary-LoanAmount-by-missing-loan-amount-term"},"row":290,"row_count":1,"visible":true},{"chunk_id":"crij7zr7pp302","chunk_label":"var-missing-loan-amount-loan_Status","document_id":"78D650E7","expansion_state":0,"options":{"engine":"r","label":"var-missing-loan-amount-loan_Status"},"row":303,"row_count":1,"visible":true},{"chunk_id":"cmb7663n2d3qz","chunk_label":"df-credit-history","document_id":"78D650E7","expansion_state":0,"options":{"engine":"r","label":"df-credit-history"},"row":318,"row_count":1,"visible":true},{"chunk_id":"cuzaa7a934yj8","chunk_label":"df-loan-amount-term","document_id":"78D650E7","expansion_state":0,"options":{"engine":"r","label":"df-loan-amount-term"},"row":324,"row_count":1,"visible":true},{"chunk_id":"ciy4q8gpq6hom","chunk_label":"df-loan-amount","document_id":"78D650E7","expansion_state":0,"options":{"engine":"r","label":"df-loan-amount"},"row":330,"row_count":1,"visible":true},{"chunk_id":"cyerzs4wk450w","chunk_label":"varsnames-df-list","document_id":"78D650E7","expansion_state":0,"options":{"engine":"r","label":"varsnames-df-list"},"row":341,"row_count":1,"visible":true},{"chunk_id":"cpzgg8mcizbpc","chunk_label":"funcao-impute","document_id":"78D650E7","expansion_state":0,"options":{"engine":"r","label":"funcao-impute"},"row":354,"row_count":1,"visible":true},{"chunk_id":"c38r9fpp26vj7","chunk_label":"- fitcontrol-regression","document_id":"78D650E7","expansion_state":0,"options":{"engine":"r","label":"- fitcontrol-regression"},"row":374,"row_count":1,"visible":true}],"doc_write_time":1572890708}