{"chunk_definitions":[{"chunk_id":"cuh0hs6bo79f7","chunk_label":"unnamed-chunk-1","document_id":"A5069209","expansion_state":0,"options":{"echo":false,"engine":"css","label":"unnamed-chunk-39"},"row":28,"row_count":1,"visible":true},{"chunk_id":"c5d24oj069yrt","chunk_label":"unnamed-chunk-2","document_id":"A5069209","expansion_state":0,"options":{"echo":false,"engine":"r","label":"unnamed-chunk-40"},"row":33,"row_count":1,"visible":true},{"chunk_id":"cbabl4c5yq4ke","chunk_label":"options-chunk","document_id":"A5069209","expansion_state":0,"options":{"engine":"r","include":false,"label":"options-chunk"},"row":42,"row_count":1,"visible":true},{"chunk_id":"cc6es0zswc12g","chunk_label":"pacotes-selecionados","document_id":"A5069209","expansion_state":0,"options":{"engine":"r","include":"F","label":"pacotes-selecionados","message":false,"warning":false},"row":60,"row_count":1,"visible":true},{"chunk_id":"cvxb7u2ms0j6u","chunk_label":"unnamed-chunk-3","document_id":"A5069209","expansion_state":0,"options":{"echo":false,"engine":"r","label":"unnamed-chunk-41"},"row":65,"row_count":1,"visible":true},{"chunk_id":"crp1dqfv1gg49","chunk_label":"read-dataset","document_id":"A5069209","expansion_state":0,"options":{"engine":"r","label":"read-dataset","message":false,"warning":false},"row":84,"row_count":1,"visible":true},{"chunk_id":"cbl228727e1p2","chunk_label":"unnamed-chunk-4","document_id":"A5069209","expansion_state":0,"options":{"echo":"F","engine":"r","label":"unnamed-chunk-42"},"row":95,"row_count":1,"visible":true},{"chunk_id":"cg99fw0pis5ya","chunk_label":"unnamed-chunk-5","document_id":"A5069209","expansion_state":0,"options":{"engine":"r","label":"unnamed-chunk-43"},"row":100,"row_count":1,"visible":true},{"chunk_id":"csk8zvnaggi3d","chunk_label":"unnamed-chunk-6","document_id":"A5069209","expansion_state":0,"options":{"engine":"r","label":"unnamed-chunk-44"},"row":119,"row_count":1,"visible":true},{"chunk_id":"cllzbph4y647y","chunk_label":"- fitcontrol","document_id":"A5069209","expansion_state":0,"options":{"engine":"r","label":"- fitcontrol"},"row":136,"row_count":1,"visible":true},{"chunk_id":"cuubnumwqv110","chunk_label":"random-forest-train","document_id":"A5069209","expansion_state":0,"options":{"engine":"r","label":"random-forest-train"},"row":153,"row_count":1,"visible":true},{"chunk_id":"cweve1nieusaj","chunk_label":"unnamed-chunk-7","document_id":"A5069209","expansion_state":0,"options":{"engine":"r","label":"unnamed-chunk-55","message":false,"warning":false},"row":166,"row_count":1,"visible":true},{"chunk_id":"c1dk7d7u66pss","chunk_label":"unnamed-chunk-8","document_id":"A5069209","expansion_state":0,"options":{"engine":"r","label":"unnamed-chunk-50"},"row":179,"row_count":1,"visible":true},{"chunk_id":"c04f7c14t88pj","chunk_label":"resample-results","document_id":"A5069209","expansion_state":0,"options":{"engine":"r","label":"resample-results"},"row":189,"row_count":1,"visible":true},{"chunk_id":"ckhkddmavrh6j","chunk_label":"summary-results","document_id":"A5069209","expansion_state":0,"options":{"engine":"r","label":"summary-results"},"row":196,"row_count":1,"visible":true},{"chunk_id":"cet6uolsyyysa","chunk_label":"draw-box","document_id":"A5069209","expansion_state":0,"options":{"engine":"r","fig.height":5,"fig.width":15,"label":"draw-box"},"row":207,"row_count":1,"visible":true}],"chunk_rendered_width":700,"doc_write_time":1553250062}