{"chunk_definitions":[{"chunk_id":"cxt2chhxm6g12","chunk_label":"unnamed-chunk-1","document_id":"305F798E","expansion_state":0,"options":{"echo":false,"engine":"css","label":"unnamed-chunk-9"},"row":28,"row_count":1,"visible":true},{"chunk_id":"cdpjfzav5cfdl","chunk_label":"options-chunk","document_id":"305F798E","expansion_state":0,"options":{"engine":"r","include":false,"label":"options-chunk"},"row":38,"row_count":1,"visible":true},{"chunk_id":"cqwkowaosd2az","chunk_label":"pacotes-selecionados","document_id":"305F798E","expansion_state":0,"options":{"engine":"r","include":"F","label":"pacotes-selecionados","message":false,"warning":false},"row":66,"row_count":1,"visible":true},{"chunk_id":"c9kt1qrmsh2tx","chunk_label":"unnamed-chunk-2","document_id":"305F798E","expansion_state":0,"options":{"echo":false,"engine":"r","label":"unnamed-chunk-10"},"row":71,"row_count":1,"visible":true},{"chunk_id":"cvzo9yp1dzg2a","chunk_label":"unnamed-chunk-3","document_id":"305F798E","expansion_state":0,"options":{"engine":"r","label":"unnamed-chunk-13"},"row":92,"row_count":1,"visible":true}],"doc_write_time":1572821836}