"0","results_list_roc <- list(NA)"
"0","num_mod <- 1"
"0","for(the_roc in model_list_roc){"
"0","  "
"0","  results_list_roc[[num_mod]] = data_frame(tpr = the_roc$sensitivities,"
"0","                                           fpr = 1 - the_roc$specificities,"
"0","                                         model = names(model_list)[num_mod])"
"0","  "
"0","  num_mod <- num_mod + 1"
"0","  "
"0","}"
"2","`data_frame()` is deprecated, use `tibble()`.
[90mThis warning is displayed once per session.[39m"
