{"chunk_definitions":[{"chunk_id":"ceu22riptv78f","chunk_label":"unnamed-chunk-1","document_id":"9645E212","expansion_state":0,"options":{"echo":false,"engine":"css","label":"unnamed-chunk-2"},"row":28,"row_count":1,"visible":true},{"chunk_id":"ccgsmi165ki53","chunk_label":"options-chunk","document_id":"C4D9AFF2","expansion_state":0,"options":{"engine":"r","include":false,"label":"options-chunk"},"row":37,"row_count":1,"visible":true},{"chunk_id":"ciy87pnb3u305","chunk_label":"pacotes-selecionados","document_id":"C4D9AFF2","expansion_state":0,"options":{"engine":"r","include":"F","label":"pacotes-selecionados","message":false,"warning":false},"row":65,"row_count":1,"visible":true},{"chunk_id":"c6bhs8xtuax1l","chunk_label":"unnamed-chunk-2","document_id":"C4D9AFF2","expansion_state":0,"options":{"echo":false,"engine":"r","label":"unnamed-chunk-3"},"row":71,"row_count":1,"visible":true},{"chunk_id":"corucz1bizupu","chunk_label":"read-dataset","document_id":"C4D9AFF2","expansion_state":0,"options":{"engine":"r","label":"read-dataset","message":false,"warning":false},"row":90,"row_count":1,"visible":true},{"chunk_id":"cix8zw0ot5rox","chunk_label":"unnamed-chunk-3","document_id":"C4D9AFF2","expansion_state":0,"options":{"echo":"F","engine":"r","label":"unnamed-chunk-4"},"row":100,"row_count":1,"visible":true},{"chunk_id":"carz1yi0olvc8","chunk_label":"unnamed-chunk-4","document_id":"C4D9AFF2","expansion_state":0,"options":{"engine":"r","label":"unnamed-chunk-5"},"row":105,"row_count":1,"visible":true},{"chunk_id":"criov554ikmx9","chunk_label":"unnamed-chunk-5","document_id":"C4D9AFF2","expansion_state":0,"options":{"engine":"r","label":"unnamed-chunk-6"},"row":111,"row_count":1,"visible":true},{"chunk_id":"cyxboulq7an2w","chunk_label":"unnamed-chunk-6","document_id":"C4D9AFF2","expansion_state":0,"options":{"engine":"r","label":"unnamed-chunk-8"},"row":125,"row_count":1,"visible":true},{"chunk_id":"chzz57cglffo3","chunk_label":"unnamed-chunk-7","document_id":"9645E212","expansion_state":0,"options":{"engine":"r","label":"unnamed-chunk-17"},"row":133,"row_count":1,"visible":true},{"chunk_id":"ceeom2g2dh6iv","chunk_label":"unnamed-chunk-8","document_id":"C4D9AFF2","expansion_state":0,"options":{"engine":"r","label":"unnamed-chunk-153"},"row":141,"row_count":1,"visible":true},{"chunk_id":"czyv1osusof03","chunk_label":"unnamed-chunk-9","document_id":"C4D9AFF2","expansion_state":0,"options":{"engine":"r","label":"unnamed-chunk-154"},"row":160,"row_count":1,"visible":true},{"chunk_id":"c806bwb69q4w2","chunk_label":"set-vars","document_id":"C4D9AFF2","expansion_state":0,"options":{"engine":"r","label":"set-vars"},"row":169,"row_count":1,"visible":true},{"chunk_id":"cd40zz3jukov5","chunk_label":"unnamed-chunk-10","document_id":"C4D9AFF2","expansion_state":0,"options":{"engine":"r","label":"unnamed-chunk-155","message":false,"warning":false},"row":188,"row_count":1,"visible":true},{"chunk_id":"c298gn0ep81es","chunk_label":"unnamed-chunk-11","document_id":"C4D9AFF2","expansion_state":0,"options":{"engine":"r","label":"unnamed-chunk-156"},"row":199,"row_count":1,"visible":true},{"chunk_id":"csn4jaz4grfl2","chunk_label":"unnamed-chunk-12","document_id":"C4D9AFF2","expansion_state":0,"options":{"engine":"r","label":"unnamed-chunk-157"},"row":205,"row_count":1,"visible":true},{"chunk_id":"czbobj535jmox","chunk_label":"unnamed-chunk-14","document_id":"C4D9AFF2","expansion_state":0,"options":{"engine":"r","label":"unnamed-chunk-159"},"row":230,"row_count":1,"visible":true},{"chunk_id":"cqem3flhc7fv5","chunk_label":"unnamed-chunk-15","document_id":"C4D9AFF2","expansion_state":0,"options":{"engine":"r","label":"unnamed-chunk-160"},"row":245,"row_count":1,"visible":true},{"chunk_id":"chyjgsnvfjslb","chunk_label":"unnamed-chunk-16","document_id":"C4D9AFF2","expansion_state":0,"options":{"engine":"r","label":"unnamed-chunk-161"},"row":251,"row_count":1,"visible":true},{"chunk_id":"cnvwh2xga1c3k","chunk_label":"unnamed-chunk-17","document_id":"C4D9AFF2","expansion_state":0,"options":{"engine":"r","label":"unnamed-chunk-162"},"row":266,"row_count":1,"visible":true},{"chunk_id":"c7jegqah303m9","chunk_label":"unnamed-chunk-18","document_id":"C4D9AFF2","expansion_state":0,"options":{"engine":"r","label":"unnamed-chunk-163"},"row":273,"row_count":1,"visible":true},{"chunk_id":"cs6xss4gp05ki","chunk_label":"unnamed-chunk-19","document_id":"C4D9AFF2","expansion_state":0,"options":{"engine":"r","label":"unnamed-chunk-164"},"row":288,"row_count":1,"visible":true},{"chunk_id":"cs64nlenszpzl","chunk_label":"unnamed-chunk-21","document_id":"C4D9AFF2","expansion_state":0,"options":{"engine":"r","label":"unnamed-chunk-168"},"row":318,"row_count":1,"visible":true},{"chunk_id":"cmv2yhw74mj87","chunk_label":"unnamed-chunk-22","document_id":"C4D9AFF2","expansion_state":0,"options":{"engine":"r","label":"unnamed-chunk-181"},"row":329,"row_count":1,"visible":true},{"chunk_id":"c1vsk6aco9mo2","chunk_label":"unnamed-chunk-23","document_id":"C4D9AFF2","expansion_state":0,"options":{"engine":"r","label":"unnamed-chunk-182"},"row":348,"row_count":1,"visible":true},{"chunk_id":"c8qe1qr5xfemb","chunk_label":"unnamed-chunk-24","document_id":"C4D9AFF2","expansion_state":0,"options":{"engine":"r","label":"unnamed-chunk-183"},"row":354,"row_count":1,"visible":true},{"chunk_id":"c774rhjdp0r0d","chunk_label":"unnamed-chunk-25","document_id":"C4D9AFF2","expansion_state":0,"options":{"engine":"r","fig.height":6,"fig.width":18,"label":"unnamed-chunk-184"},"row":366,"row_count":1,"visible":true},{"chunk_id":"cxa8fdy385llj","chunk_label":"unnamed-chunk-27","document_id":"C4D9AFF2","expansion_state":0,"options":{"engine":"r","label":"unnamed-chunk-186"},"row":399,"row_count":1,"visible":true}],"doc_write_time":1572821991}