"0","  suppressMessages(library(MASS))"
"0","  suppressMessages(library(tidyverse))"
"0","  suppressMessages(library(readr))"
"0","  suppressMessages(library(dplyr))"
"0","  suppressMessages(library(data.table))"
"0","  suppressMessages(library(readxl))"
"0","  suppressMessages(library(ggplot2))"
"0","  suppressMessages(library(plotly))"
"0","  suppressMessages(library(scales))"
"0","  suppressMessages(library(lubridate))"
"0","  suppressMessages(library(reshape)) "
"0","  suppressMessages(library(Boruta))"
"0","  suppressMessages(library(caret))"
"0","  suppressMessages(library(skimr))"
"0","  suppressMessages(library(RANN))"
"0","  suppressMessages(library(ggpubr))"
"0","  suppressMessages(library(corrplot)) "
"0","  suppressMessages(library(lattice))"
"0","  suppressMessages(library(latticeExtra))"
