{"chunk_definitions":[{"chunk_id":"ceu22riptv78f","chunk_label":"unnamed-chunk-1","document_id":"9645E212","expansion_state":0,"options":{"echo":false,"engine":"css","label":"unnamed-chunk-75"},"row":28,"row_count":1,"visible":true},{"chunk_id":"ccgsmi165ki53","chunk_label":"options-chunk","document_id":"C4D9AFF2","expansion_state":0,"options":{"engine":"r","include":false,"label":"options-chunk"},"row":37,"row_count":1,"visible":true},{"chunk_id":"ciy87pnb3u305","chunk_label":"pacotes-selecionados","document_id":"C4D9AFF2","expansion_state":0,"options":{"engine":"r","include":"F","label":"pacotes-selecionados","message":false,"warning":false},"row":65,"row_count":1,"visible":true},{"chunk_id":"c6bhs8xtuax1l","chunk_label":"unnamed-chunk-2","document_id":"C4D9AFF2","expansion_state":0,"options":{"echo":false,"engine":"r","label":"unnamed-chunk-76"},"row":71,"row_count":1,"visible":true},{"chunk_id":"corucz1bizupu","chunk_label":"read-dataset","document_id":"C4D9AFF2","expansion_state":0,"options":{"engine":"r","label":"read-dataset","message":false,"warning":false},"row":90,"row_count":1,"visible":true},{"chunk_id":"cix8zw0ot5rox","chunk_label":"unnamed-chunk-3","document_id":"C4D9AFF2","expansion_state":0,"options":{"echo":"F","engine":"r","label":"unnamed-chunk-77"},"row":100,"row_count":1,"visible":true},{"chunk_id":"carz1yi0olvc8","chunk_label":"unnamed-chunk-4","document_id":"C4D9AFF2","expansion_state":0,"options":{"engine":"r","label":"unnamed-chunk-78"},"row":105,"row_count":1,"visible":true},{"chunk_id":"cjkuxi65znh4p","chunk_label":"levels-vars-categorical","document_id":"62EC80EC","expansion_state":0,"options":{"engine":"r","label":"levels-vars-categorical"},"row":111,"row_count":1,"visible":true},{"chunk_id":"criov554ikmx9","chunk_label":"unnamed-chunk-5","document_id":"C4D9AFF2","expansion_state":0,"options":{"engine":"r","label":"unnamed-chunk-79"},"row":118,"row_count":1,"visible":true},{"chunk_id":"cyxboulq7an2w","chunk_label":"unnamed-chunk-6","document_id":"C4D9AFF2","expansion_state":0,"options":{"engine":"r","label":"unnamed-chunk-80"},"row":132,"row_count":1,"visible":true},{"chunk_id":"cy2zrwc6odggc","chunk_label":"unnamed-chunk-7","document_id":"62EC80EC","expansion_state":0,"options":{"engine":"r","label":"unnamed-chunk-81"},"row":141,"row_count":1,"visible":true},{"chunk_id":"ceeom2g2dh6iv","chunk_label":"unnamed-chunk-8","document_id":"C4D9AFF2","expansion_state":0,"options":{"engine":"r","label":"unnamed-chunk-82"},"row":149,"row_count":1,"visible":true},{"chunk_id":"czyv1osusof03","chunk_label":"unnamed-chunk-9","document_id":"C4D9AFF2","expansion_state":0,"options":{"engine":"r","label":"unnamed-chunk-83"},"row":168,"row_count":1,"visible":true},{"chunk_id":"c806bwb69q4w2","chunk_label":"set-vars","document_id":"C4D9AFF2","expansion_state":0,"options":{"engine":"r","label":"set-vars"},"row":177,"row_count":1,"visible":true},{"chunk_id":"cd40zz3jukov5","chunk_label":"unnamed-chunk-10","document_id":"C4D9AFF2","expansion_state":0,"options":{"engine":"r","label":"unnamed-chunk-84","message":false,"warning":false},"row":196,"row_count":1,"visible":true},{"chunk_id":"c298gn0ep81es","chunk_label":"unnamed-chunk-11","document_id":"C4D9AFF2","expansion_state":0,"options":{"engine":"r","label":"unnamed-chunk-85"},"row":207,"row_count":1,"visible":true},{"chunk_id":"csn4jaz4grfl2","chunk_label":"unnamed-chunk-12","document_id":"C4D9AFF2","expansion_state":0,"options":{"engine":"r","label":"unnamed-chunk-86"},"row":213,"row_count":1,"visible":true},{"chunk_id":"cmc62ngvvoq3q","chunk_label":"unnamed-chunk-13","document_id":"62EC80EC","expansion_state":0,"options":{"engine":"r","label":"unnamed-chunk-87"},"row":231,"row_count":1,"visible":true},{"chunk_id":"czbobj535jmox","chunk_label":"unnamed-chunk-14","document_id":"C4D9AFF2","expansion_state":0,"options":{"engine":"r","label":"unnamed-chunk-88"},"row":238,"row_count":1,"visible":true},{"chunk_id":"cqem3flhc7fv5","chunk_label":"unnamed-chunk-15","document_id":"C4D9AFF2","expansion_state":0,"options":{"engine":"r","label":"unnamed-chunk-89"},"row":253,"row_count":1,"visible":true},{"chunk_id":"chyjgsnvfjslb","chunk_label":"unnamed-chunk-16","document_id":"C4D9AFF2","expansion_state":0,"options":{"engine":"r","label":"unnamed-chunk-90"},"row":259,"row_count":1,"visible":true},{"chunk_id":"cnvwh2xga1c3k","chunk_label":"unnamed-chunk-17","document_id":"C4D9AFF2","expansion_state":0,"options":{"engine":"r","label":"unnamed-chunk-91"},"row":274,"row_count":1,"visible":true},{"chunk_id":"c7jegqah303m9","chunk_label":"unnamed-chunk-18","document_id":"C4D9AFF2","expansion_state":0,"options":{"engine":"r","label":"unnamed-chunk-92"},"row":281,"row_count":1,"visible":true},{"chunk_id":"cs6xss4gp05ki","chunk_label":"unnamed-chunk-19","document_id":"C4D9AFF2","expansion_state":0,"options":{"engine":"r","label":"unnamed-chunk-93"},"row":296,"row_count":1,"visible":true},{"chunk_id":"crduii87lud1y","chunk_label":"unnamed-chunk-20","document_id":"62EC80EC","expansion_state":0,"options":{"engine":"r","label":"unnamed-chunk-94","message":false,"warning":false},"row":312,"row_count":1,"visible":true},{"chunk_id":"cs64nlenszpzl","chunk_label":"unnamed-chunk-21","document_id":"C4D9AFF2","expansion_state":0,"options":{"engine":"r","label":"unnamed-chunk-95"},"row":326,"row_count":1,"visible":true},{"chunk_id":"cmv2yhw74mj87","chunk_label":"unnamed-chunk-22","document_id":"C4D9AFF2","expansion_state":0,"options":{"engine":"r","label":"unnamed-chunk-96"},"row":337,"row_count":1,"visible":true},{"chunk_id":"c1vsk6aco9mo2","chunk_label":"unnamed-chunk-23","document_id":"C4D9AFF2","expansion_state":0,"options":{"engine":"r","label":"unnamed-chunk-97"},"row":356,"row_count":1,"visible":true},{"chunk_id":"c8qe1qr5xfemb","chunk_label":"unnamed-chunk-24","document_id":"C4D9AFF2","expansion_state":0,"options":{"engine":"r","label":"unnamed-chunk-98"},"row":362,"row_count":1,"visible":true},{"chunk_id":"c774rhjdp0r0d","chunk_label":"unnamed-chunk-25","document_id":"C4D9AFF2","expansion_state":0,"options":{"engine":"r","fig.height":6,"fig.width":18,"label":"unnamed-chunk-99"},"row":374,"row_count":1,"visible":true},{"chunk_id":"cnii2bluxadlk","chunk_label":"unnamed-chunk-26","document_id":"62EC80EC","expansion_state":0,"options":{"engine":"r","label":"unnamed-chunk-100"},"row":389,"row_count":1,"visible":true},{"chunk_id":"cxa8fdy385llj","chunk_label":"unnamed-chunk-27","document_id":"C4D9AFF2","expansion_state":0,"options":{"engine":"r","label":"unnamed-chunk-103"},"row":407,"row_count":1,"visible":true}],"chunk_rendered_width":700,"doc_write_time":1572891782}