{"chunk_definitions":[{"chunk_id":"cum3zaloa89hy","chunk_label":"unnamed-chunk-2","document_id":"6A487FC3","expansion_state":0,"options":{"echo":false,"engine":"r","label":"unnamed-chunk-2"},"row":34,"row_count":1,"visible":true},{"chunk_id":"c2rd0izqy9mku","chunk_label":"options-chunk","document_id":"6A487FC3","expansion_state":0,"options":{"engine":"r","include":false,"label":"options-chunk"},"row":44,"row_count":1,"visible":true},{"chunk_id":"cpoiiq2mbyq07","chunk_label":"pacotes-selecionados","document_id":"6A487FC3","expansion_state":0,"options":{"engine":"r","include":"F","label":"pacotes-selecionados","message":false,"warning":false},"row":72,"row_count":1,"visible":true},{"chunk_id":"cdjneyxobfav6","chunk_label":"unnamed-chunk-3","document_id":"6A487FC3","expansion_state":0,"options":{"echo":false,"engine":"r","label":"unnamed-chunk-3"},"row":77,"row_count":1,"visible":true},{"chunk_id":"cxpkeh9bzyigc","chunk_label":"read-dataset","document_id":"6A487FC3","expansion_state":0,"options":{"engine":"r","label":"read-dataset","message":false,"warning":false},"row":101,"row_count":1,"visible":true},{"chunk_id":"cyhrzpu29uce4","chunk_label":"unnamed-chunk-4","document_id":"6A487FC3","expansion_state":0,"options":{"echo":"F","engine":"r","label":"unnamed-chunk-4"},"row":112,"row_count":1,"visible":true},{"chunk_id":"cfuaubzjgimly","chunk_label":"unnamed-chunk-5","document_id":"6A487FC3","expansion_state":0,"options":{"engine":"r","label":"unnamed-chunk-5"},"row":117,"row_count":1,"visible":true},{"chunk_id":"c9ngarxba2qgr","chunk_label":"unnamed-chunk-6","document_id":"6A487FC3","expansion_state":0,"options":{"engine":"r","label":"unnamed-chunk-6"},"row":134,"row_count":1,"visible":true},{"chunk_id":"cosnere7exiqw","chunk_label":"unnamed-chunk-7","document_id":"F5AE0E03","expansion_state":0,"options":{"engine":"r","label":"unnamed-chunk-4"},"row":145,"row_count":1,"visible":true},{"chunk_id":"cf6wsguboh3vz","chunk_label":"unnamed-chunk-8","document_id":"6A487FC3","expansion_state":0,"options":{"engine":"r","label":"unnamed-chunk-7"},"row":152,"row_count":1,"visible":true},{"chunk_id":"cgomr84vf16pn","chunk_label":"ajutando-com-a-distribuição-gamma-mgl","document_id":"6A487FC3","expansion_state":0,"options":{"engine":"r","label":"ajutando-com-a-distribuição-gamma-mgl"},"row":163,"row_count":1,"visible":true},{"chunk_id":"cb10y07x0to4u","chunk_label":"test-qui-quadrado","document_id":"6A487FC3","expansion_state":0,"options":{"engine":"r","label":"test-qui-quadrado"},"row":170,"row_count":1,"visible":true},{"chunk_id":"c6vbm0grayx0o","chunk_label":"predict","document_id":"B13B0163","expansion_state":0,"options":{"engine":"r","label":"predict"},"row":179,"row_count":1,"visible":true},{"chunk_id":"cmve8kmr7uxis","chunk_label":"plot-ecdf","document_id":"6A487FC3","expansion_state":0,"options":{"engine":"r","fig.height":6,"fig.width":15,"label":"plot-ecdf"},"row":192,"row_count":1,"visible":true},{"chunk_id":"c6duhwsblsgl1","chunk_label":"data-frame-predict","document_id":"6A487FC3","expansion_state":0,"options":{"engine":"r","label":"data-frame-predict"},"row":199,"row_count":1,"visible":true},{"chunk_id":"cm1kc6nxr53ac","chunk_label":"densidades","document_id":"6A487FC3","expansion_state":0,"options":{"engine":"r","fig.height":6,"fig.width":15,"label":"densidades","message":false,"warning":false},"row":218,"row_count":1,"visible":true},{"chunk_id":"cbro1y46g1lhh","chunk_label":"histogramas","document_id":"6A487FC3","expansion_state":0,"options":{"engine":"r","fig.height":6,"fig.width":15,"label":"histogramas","message":false,"warning":false},"row":245,"row_count":1,"visible":true},{"chunk_id":"ckqwto70y1fpg","chunk_label":"r-square","document_id":"6A487FC3","expansion_state":0,"options":{"engine":"r","label":"r-square"},"row":259,"row_count":1,"visible":true},{"chunk_id":"cq3xswjsgas53","chunk_label":"rmse","document_id":"6A487FC3","expansion_state":0,"options":{"engine":"r","label":"rmse"},"row":268,"row_count":1,"visible":true},{"chunk_id":"co2d636e2sb69","chunk_label":"anova","document_id":"B13B0163","expansion_state":0,"options":{"engine":"r","label":"anova"},"row":277,"row_count":1,"visible":true},{"chunk_id":"cus6xfdixw6n7","chunk_label":"unnamed-chunk-9","document_id":"B13B0163","expansion_state":0,"options":{"engine":"r","fig.height":8,"fig.width":18,"label":"unnamed-chunk-8","message":false,"warning":false},"row":286,"row_count":1,"visible":true},{"chunk_id":"c3evw90bnuspf","chunk_label":"unnamed-chunk-10","document_id":"B13B0163","expansion_state":0,"options":{"engine":"r","fig.height":8,"fig.width":18,"label":"unnamed-chunk-9","message":false,"warning":false},"row":302,"row_count":1,"visible":true}],"doc_write_time":1572896682}