"0","cm_glm.original <- caret::confusionMatrix(pred.glm.orig, test_data$Loan_Status,positive = ""Y"")"
"0","cm_glm.weighted <- caret::confusionMatrix(pred.glm.weighted, test_data$Loan_Status,positive = ""Y"")"
"0","cm_glm.down     <- caret::confusionMatrix(pred.glm.down, test_data$Loan_Status,positive = ""Y"")"
"0","cm_glm.up       <- caret::confusionMatrix(pred.glm.up, test_data$Loan_Status,positive = ""Y"")"
"0","cm_glm.smote    <- caret::confusionMatrix(pred.glm.smote, test_data$Loan_Status,positive = ""Y"")"
