{"chunk_definitions":[{"chunk_id":"czlr1nisdpomg","chunk_label":"options-chunk","document_id":"C4D9AFF2","expansion_state":0,"options":{"engine":"r","include":false,"label":"options-chunk"},"row":27,"row_count":1,"visible":true},{"chunk_id":"ca6loxmysx1sz","chunk_label":"pacotes-selecionados","document_id":"C4D9AFF2","expansion_state":0,"options":{"engine":"r","include":"F","label":"pacotes-selecionados","message":false,"warning":false},"row":51,"row_count":1,"visible":true},{"chunk_id":"cbs17ep75xke4","chunk_label":"unnamed-chunk-1","document_id":"C4D9AFF2","expansion_state":0,"options":{"echo":false,"engine":"r","label":"unnamed-chunk-166"},"row":57,"row_count":1,"visible":true},{"chunk_id":"clm1lnehzdy77","chunk_label":"read-modeltrain","document_id":"C4D9AFF2","expansion_state":0,"options":{"engine":"r","label":"read-modeltrain","message":false,"warning":false},"row":76,"row_count":1,"visible":true},{"chunk_id":"cr8cdrfzk8os8","chunk_label":"unnamed-chunk-2","document_id":"C4D9AFF2","expansion_state":0,"options":{"echo":"False","engine":"r","label":"unnamed-chunk-156"},"row":86,"row_count":1,"visible":true},{"chunk_id":"cc23xop0khw12","chunk_label":"unnamed-chunk-3","document_id":"C4D9AFF2","expansion_state":0,"options":{"engine":"r","label":"unnamed-chunk-157"},"row":91,"row_count":1,"visible":true},{"chunk_id":"c0gmbexirzlfn","chunk_label":"unnamed-chunk-4","document_id":"C4D9AFF2","expansion_state":0,"options":{"engine":"r","label":"unnamed-chunk-158"},"row":97,"row_count":1,"visible":true},{"chunk_id":"cu2ir6iiw8qxx","chunk_label":"unnamed-chunk-5","document_id":"C4D9AFF2","expansion_state":0,"options":{"engine":"r","label":"unnamed-chunk-232"},"row":103,"row_count":1,"visible":true},{"chunk_id":"caizy47i4oibg","chunk_label":"unnamed-chunk-6","document_id":"C4D9AFF2","expansion_state":0,"options":{"engine":"r","label":"unnamed-chunk-233"},"row":107,"row_count":1,"visible":true},{"chunk_id":"cltc6m3ggwdf7","chunk_label":"unnamed-chunk-7","document_id":"C4D9AFF2","expansion_state":0,"options":{"engine":"r","label":"unnamed-chunk-228"},"row":151,"row_count":1,"visible":true},{"chunk_id":"c68q6acw6leb2","chunk_label":"unnamed-chunk-8","document_id":"C4D9AFF2","expansion_state":0,"options":{"engine":"r","label":"unnamed-chunk-162"},"row":166,"row_count":1,"visible":true},{"chunk_id":"cxdh36t0aon02","chunk_label":"unnamed-chunk-9","document_id":"C4D9AFF2","expansion_state":0,"options":{"engine":"r","label":"unnamed-chunk-163"},"row":173,"row_count":1,"visible":true},{"chunk_id":"cqbb4mulpw7ae","chunk_label":"unnamed-chunk-10","document_id":"C4D9AFF2","expansion_state":0,"options":{"engine":"r","label":"unnamed-chunk-164"},"row":191,"row_count":1,"visible":true},{"chunk_id":"ct7rfwz20syhi","chunk_label":"unnamed-chunk-11","document_id":"C4D9AFF2","expansion_state":0,"options":{"engine":"r","label":"unnamed-chunk-169","message":false,"warning":false},"row":214,"row_count":1,"visible":true},{"chunk_id":"ct9xbtrtpop71","chunk_label":"unnamed-chunk-12","document_id":"C4D9AFF2","expansion_state":0,"options":{"engine":"r","label":"unnamed-chunk-170"},"row":225,"row_count":1,"visible":true},{"chunk_id":"c8xpuprxutmbl","chunk_label":"unnamed-chunk-13","document_id":"C4D9AFF2","expansion_state":0,"options":{"engine":"r","label":"unnamed-chunk-171"},"row":231,"row_count":1,"visible":true},{"chunk_id":"co1ozglo1dmy8","chunk_label":"unnamed-chunk-14","document_id":"C4D9AFF2","expansion_state":0,"options":{"engine":"r","label":"unnamed-chunk-173"},"row":248,"row_count":1,"visible":true},{"chunk_id":"c8bwwgpjzgfwe","chunk_label":"unnamed-chunk-15","document_id":"C4D9AFF2","expansion_state":0,"options":{"engine":"r","label":"unnamed-chunk-174"},"row":255,"row_count":1,"visible":true},{"chunk_id":"cge6ft245y293","chunk_label":"unnamed-chunk-16","document_id":"C4D9AFF2","expansion_state":0,"options":{"engine":"r","label":"unnamed-chunk-175"},"row":270,"row_count":1,"visible":true},{"chunk_id":"cjd3qfp6gdh2g","chunk_label":"unnamed-chunk-17","document_id":"C4D9AFF2","expansion_state":0,"options":{"engine":"r","label":"unnamed-chunk-176"},"row":276,"row_count":1,"visible":true},{"chunk_id":"c6dh7ru6w5b6f","chunk_label":"unnamed-chunk-18","document_id":"C4D9AFF2","expansion_state":0,"options":{"engine":"r","label":"unnamed-chunk-177"},"row":290,"row_count":1,"visible":true},{"chunk_id":"c8grmh069yplp","chunk_label":"unnamed-chunk-19","document_id":"C4D9AFF2","expansion_state":0,"options":{"engine":"r","label":"unnamed-chunk-178"},"row":297,"row_count":1,"visible":true},{"chunk_id":"cur7m4xe6spij","chunk_label":"unnamed-chunk-20","document_id":"C4D9AFF2","expansion_state":0,"options":{"engine":"r","label":"unnamed-chunk-179"},"row":311,"row_count":1,"visible":true},{"chunk_id":"co0gibw3i9999","chunk_label":"unnamed-chunk-21","document_id":"C4D9AFF2","expansion_state":0,"options":{"engine":"r","label":"unnamed-chunk-197","message":false,"warning":false},"row":328,"row_count":1,"visible":true},{"chunk_id":"c95xs8yf4l5w2","chunk_label":"unnamed-chunk-22","document_id":"C4D9AFF2","expansion_state":0,"options":{"engine":"r","label":"unnamed-chunk-198"},"row":342,"row_count":1,"visible":true},{"chunk_id":"cj0pw01ykf3uv","chunk_label":"unnamed-chunk-23","document_id":"C4D9AFF2","expansion_state":0,"options":{"engine":"r","label":"unnamed-chunk-199"},"row":352,"row_count":1,"visible":true},{"chunk_id":"cmm2lky1qhnpl","chunk_label":"unnamed-chunk-25","document_id":"C4D9AFF2","expansion_state":0,"options":{"engine":"r","label":"unnamed-chunk-209"},"row":375,"row_count":1,"visible":true},{"chunk_id":"cysuxlmqtc4l2","chunk_label":"unnamed-chunk-26","document_id":"C4D9AFF2","expansion_state":0,"options":{"engine":"r","fig.height":6,"fig.width":18,"label":"unnamed-chunk-210"},"row":387,"row_count":1,"visible":true},{"chunk_id":"cctd2whda0ylp","chunk_label":"unnamed-chunk-27","document_id":"C4D9AFF2","expansion_state":0,"options":{"engine":"r","label":"unnamed-chunk-211"},"row":401,"row_count":1,"visible":true},{"chunk_id":"cpqzf2pp1q2p6","chunk_label":"unnamed-chunk-28","document_id":"C4D9AFF2","expansion_state":0,"options":{"engine":"r","fig.height":6,"fig.width":18,"label":"unnamed-chunk-212"},"row":408,"row_count":1,"visible":true},{"chunk_id":"cpx2stpvjvvmo","chunk_label":"unnamed-chunk-29","document_id":"C4D9AFF2","expansion_state":0,"options":{"engine":"r","label":"unnamed-chunk-213"},"row":418,"row_count":1,"visible":true},{"chunk_id":"c5b2nvug5iim3","chunk_label":"unnamed-chunk-30","document_id":"C4D9AFF2","expansion_state":0,"options":{"engine":"r","label":"unnamed-chunk-214"},"row":435,"row_count":1,"visible":true}],"chunk_rendered_width":700,"doc_write_time":1572719466}